{
  "lang":"tr",
  "name":"pipeline",
  "version":"0.0.0",
  "spacy_version":">=3.2.1,<3.3.0",
  "description":"",
  "author":"",
  "email":"",
  "url":"",
  "license":"",
  "spacy_git_version":"800737b41",
  "vectors":{
    "width":0,
    "vectors":0,
    "keys":0,
    "name":null,
    "mode":"default"
  },
  "labels":{
    "tok2vec":[

    ],
    "parser":[
      "ROOT",
      "acl",
      "advmod",
      "advmod:emph",
      "amod",
      "appos",
      "aux:q",
      "case",
      "cc",
      "compound",
      "compound:lvc",
      "compound:redup",
      "conj",
      "cop",
      "dep",
      "det",
      "discourse",
      "flat",
      "mark",
      "nmod",
      "nmod:poss",
      "nsubj",
      "nummod",
      "obj",
      "obl",
      "punct"
    ]
  },
  "pipeline":[
    "tok2vec",
    "parser"
  ],
  "components":[
    "tok2vec",
    "parser"
  ],
  "disabled":[

  ],
  "performance":{
    "dep_uas":0.5578921016,
    "dep_las":0.3895112335,
    "dep_las_per_type":{
      "root":{
        "p":0.6324701195,
        "r":0.6427125506,
        "f":0.6375502008
      },
      "nmod:poss":{
        "p":0.3446601942,
        "r":0.3659793814,
        "f":0.355
      },
      "nsubj":{
        "p":0.2989690722,
        "r":0.2620481928,
        "f":0.27929374
      },
      "conj":{
        "p":0.2565880721,
        "r":0.2720588235,
        "f":0.2640970735
      },
      "amod":{
        "p":0.3925686591,
        "r":0.4450549451,
        "f":0.417167382
      },
      "csubj":{
        "p":0.0,
        "r":0.0,
        "f":0.0
      },
      "obj":{
        "p":0.3103953148,
        "r":0.280794702,
        "f":0.2948539638
      },
      "obl":{
        "p":0.2434584755,
        "r":0.2943603851,
        "f":0.2665006227
      },
      "compound":{
        "p":0.3155893536,
        "r":0.2299168975,
        "f":0.266025641
      },
      "case":{
        "p":0.6455696203,
        "r":0.7355769231,
        "f":0.6876404494
      },
      "nmod":{
        "p":0.1948818898,
        "r":0.1475409836,
        "f":0.1679389313
      },
      "acl":{
        "p":0.296460177,
        "r":0.281512605,
        "f":0.2887931034
      },
      "det":{
        "p":0.6748166259,
        "r":0.7340425532,
        "f":0.7031847134
      },
      "advmod":{
        "p":0.5325443787,
        "r":0.5263157895,
        "f":0.5294117647
      },
      "flat":{
        "p":0.4518072289,
        "r":0.462962963,
        "f":0.4573170732
      },
      "advmod:emph":{
        "p":0.7239263804,
        "r":0.7108433735,
        "f":0.717325228
      },
      "compound:lvc":{
        "p":0.5428571429,
        "r":0.4269662921,
        "f":0.4779874214
      },
      "cc":{
        "p":0.381294964,
        "r":0.3291925466,
        "f":0.3533333333
      },
      "nummod":{
        "p":0.3658536585,
        "r":0.4166666667,
        "f":0.3896103896
      },
      "discourse":{
        "p":0.9285714286,
        "r":0.3095238095,
        "f":0.4642857143
      },
      "aux:q":{
        "p":0.7058823529,
        "r":0.6666666667,
        "f":0.6857142857
      },
      "appos":{
        "p":0.2857142857,
        "r":0.2,
        "f":0.2352941176
      },
      "cop":{
        "p":0.2142857143,
        "r":0.25,
        "f":0.2307692308
      },
      "compound:redup":{
        "p":0.1428571429,
        "r":0.1481481481,
        "f":0.1454545455
      },
      "dep":{
        "p":0.0,
        "r":0.0,
        "f":0.0
      },
      "ccomp":{
        "p":0.0,
        "r":0.0,
        "f":0.0
      },
      "mark":{
        "p":0.2727272727,
        "r":0.25,
        "f":0.2608695652
      },
      "fixed":{
        "p":0.0,
        "r":0.0,
        "f":0.0
      },
      "advcl":{
        "p":0.0,
        "r":0.0,
        "f":0.0
      }
    },
    "sents_p":0.9425173439,
    "sents_r":0.9625506073,
    "sents_f":0.952428643,
    "tok2vec_loss":7335.5028603929,
    "parser_loss":19975.9009626448
  }
}