{
  "lang":"tr",
  "name":"pipeline",
  "version":"0.0.0",
  "spacy_version":">=3.2.1,<3.3.0",
  "description":"",
  "author":"",
  "email":"",
  "url":"",
  "license":"",
  "spacy_git_version":"800737b41",
  "vectors":{
    "width":0,
    "vectors":0,
    "keys":0,
    "name":null,
    "mode":"default"
  },
  "labels":{
    "tok2vec":[

    ],
    "parser":[
      "ROOT",
      "acl",
      "advmod",
      "advmod:emph",
      "amod",
      "appos",
      "aux:q",
      "case",
      "cc",
      "compound",
      "compound:lvc",
      "compound:redup",
      "conj",
      "cop",
      "dep",
      "det",
      "discourse",
      "flat",
      "mark",
      "nmod",
      "nmod:poss",
      "nsubj",
      "nummod",
      "obj",
      "obl",
      "punct"
    ]
  },
  "pipeline":[
    "tok2vec",
    "parser"
  ],
  "components":[
    "tok2vec",
    "parser"
  ],
  "disabled":[

  ],
  "performance":{
    "dep_uas":0.5703022339,
    "dep_las":0.3863095983,
    "dep_las_per_type":{
      "root":{
        "p":0.6469408225,
        "r":0.6528340081,
        "f":0.6498740554
      },
      "nmod:poss":{
        "p":0.3083989501,
        "r":0.4037800687,
        "f":0.349702381
      },
      "nsubj":{
        "p":0.2957983193,
        "r":0.265060241,
        "f":0.2795869738
      },
      "conj":{
        "p":0.2926391382,
        "r":0.2397058824,
        "f":0.2635408246
      },
      "amod":{
        "p":0.4247104247,
        "r":0.4029304029,
        "f":0.4135338346
      },
      "csubj":{
        "p":0.0,
        "r":0.0,
        "f":0.0
      },
      "obj":{
        "p":0.2931995541,
        "r":0.3483443709,
        "f":0.318401937
      },
      "obl":{
        "p":0.2388818297,
        "r":0.2585969739,
        "f":0.248348745
      },
      "compound":{
        "p":0.3156028369,
        "r":0.2465373961,
        "f":0.2768273717
      },
      "case":{
        "p":0.6596638655,
        "r":0.7548076923,
        "f":0.7040358744
      },
      "nmod":{
        "p":0.1368760064,
        "r":0.1266766021,
        "f":0.1315789474
      },
      "acl":{
        "p":0.2710280374,
        "r":0.243697479,
        "f":0.2566371681
      },
      "flat":{
        "p":0.4788732394,
        "r":0.4197530864,
        "f":0.4473684211
      },
      "det":{
        "p":0.712,
        "r":0.710106383,
        "f":0.7110519308
      },
      "advmod":{
        "p":0.5574324324,
        "r":0.4824561404,
        "f":0.5172413793
      },
      "advmod:emph":{
        "p":0.7564102564,
        "r":0.7108433735,
        "f":0.7329192547
      },
      "compound:lvc":{
        "p":0.5512820513,
        "r":0.4831460674,
        "f":0.5149700599
      },
      "cc":{
        "p":0.3333333333,
        "r":0.2857142857,
        "f":0.3076923077
      },
      "nummod":{
        "p":0.2926829268,
        "r":0.4444444444,
        "f":0.3529411765
      },
      "discourse":{
        "p":0.6538461538,
        "r":0.4047619048,
        "f":0.5
      },
      "mark":{
        "p":0.2941176471,
        "r":0.4166666667,
        "f":0.3448275862
      },
      "cop":{
        "p":0.2857142857,
        "r":0.1666666667,
        "f":0.2105263158
      },
      "appos":{
        "p":0.0,
        "r":0.0,
        "f":0.0
      },
      "aux:q":{
        "p":0.7575757576,
        "r":0.6944444444,
        "f":0.7246376812
      },
      "ccomp":{
        "p":0.0,
        "r":0.0,
        "f":0.0
      },
      "dep":{
        "p":0.0,
        "r":0.0,
        "f":0.0
      },
      "compound:redup":{
        "p":0.2666666667,
        "r":0.1481481481,
        "f":0.1904761905
      },
      "fixed":{
        "p":0.0,
        "r":0.0,
        "f":0.0
      },
      "advcl":{
        "p":0.0,
        "r":0.0,
        "f":0.0
      }
    },
    "sents_p":0.9452191235,
    "sents_r":0.9605263158,
    "sents_f":0.952811245,
    "tok2vec_loss":6879.6500638723,
    "parser_loss":29224.223713178
  }
}