{
  "token_acc":0.9991201284,
  "token_p":0.9972075706,
  "token_r":0.9959714905,
  "token_f":0.9965891473,
  "sents_p":0.9456193353,
  "sents_r":0.9611054248,
  "sents_f":0.9532994924,
  "dep_uas":0.5701283105,
  "dep_las":0.3888502623,
  "dep_las_per_type":{
    "obl":{
      "p":0.2145643693,
      "r":0.219123506,
      "f":0.2168199737
    },
    "root":{
      "p":0.6493902439,
      "r":0.6540429887,
      "f":0.6517083121
    },
    "det":{
      "p":0.7195467422,
      "r":0.7426900585,
      "f":0.7309352518
    },
    "obj":{
      "p":0.3082872928,
      "r":0.3656618611,
      "f":0.3345323741
    },
    "nsubj":{
      "p":0.2963604853,
      "r":0.2622699387,
      "f":0.2782750203
    },
    "flat":{
      "p":0.5333333333,
      "r":0.4790419162,
      "f":0.5047318612
    },
    "amod":{
      "p":0.442687747,
      "r":0.4080145719,
      "f":0.4246445498
    },
    "compound":{
      "p":0.3450479233,
      "r":0.27,
      "f":0.3029453015
    },
    "nummod":{
      "p":0.3203125,
      "r":0.3867924528,
      "f":0.3504273504
    },
    "cc":{
      "p":0.4496124031,
      "r":0.3790849673,
      "f":0.4113475177
    },
    "conj":{
      "p":0.3003663004,
      "r":0.2615629984,
      "f":0.2796248934
    },
    "nmod:poss":{
      "p":0.275862069,
      "r":0.3588039867,
      "f":0.3119133574
    },
    "nmod":{
      "p":0.171474359,
      "r":0.1643625192,
      "f":0.1678431373
    },
    "acl":{
      "p":0.3041474654,
      "r":0.264,
      "f":0.2826552463
    },
    "case":{
      "p":0.7168949772,
      "r":0.7370892019,
      "f":0.7268518519
    },
    "compound:lvc":{
      "p":0.5526315789,
      "r":0.5060240964,
      "f":0.5283018868
    },
    "advmod":{
      "p":0.4482758621,
      "r":0.4220779221,
      "f":0.4347826087
    },
    "csubj":{
      "p":0.0,
      "r":0.0,
      "f":0.0
    },
    "compound:redup":{
      "p":0.3636363636,
      "r":0.1111111111,
      "f":0.170212766
    },
    "advmod:emph":{
      "p":0.78,
      "r":0.6964285714,
      "f":0.7358490566
    },
    "cop":{
      "p":0.1666666667,
      "r":0.0833333333,
      "f":0.1111111111
    },
    "fixed":{
      "p":0.0,
      "r":0.0,
      "f":0.0
    },
    "mark":{
      "p":0.375,
      "r":0.5294117647,
      "f":0.4390243902
    },
    "dep":{
      "p":0.0,
      "r":0.0,
      "f":0.0
    },
    "discourse":{
      "p":0.6666666667,
      "r":0.32,
      "f":0.4324324324
    },
    "advcl":{
      "p":0.0,
      "r":0.0,
      "f":0.0
    },
    "ccomp":{
      "p":0.0,
      "r":0.0,
      "f":0.0
    },
    "aux:q":{
      "p":0.9473684211,
      "r":0.7346938776,
      "f":0.8275862069
    },
    "parataxis":{
      "p":0.0,
      "r":0.0,
      "f":0.0
    },
    "appos":{
      "p":0.0,
      "r":0.0,
      "f":0.0
    }
  },
  "speed":1832.3261157579
}